login,name,company,location,email,hireable,bio,public_repos,followers,following,created_at
huggingface,,,,,False,,0,0,0,
brunosimon,,,,,False,,0,0,0,
fabpot,,,,,False,,0,0,0,
Charles-Chrismann,,,,,False,,0,0,0,
posva,,,,,False,,0,0,0,
ogrisel,,,,,False,,0,0,0,
florent37,,,,,False,,0,0,0,
juliangarnier,,,,,False,,0,0,0,
lewagon,,,,,False,,0,0,0,
ocornut,,,,,False,,0,0,0,
merveenoyan,,,,,False,,0,0,0,
oliviertassinari,,,,,False,,0,0,0,
HoussemDellai,,,,,False,,0,0,0,
cyrildiagne,,,,,False,,0,0,0,
gwen001,,,,,False,,0,0,0,
mblondel,,,,,False,,0,0,0,
BartoszMilewski,,,,,False,,0,0,0,
StanGirard,,,,,False,,0,0,0,
LaurentMazare,,,,,False,,0,0,0,
stof,,,,,False,,0,0,0,
rom1504,,,,,False,,0,0,0,
donho,,,,,False,,0,0,0,
gregberge,,,,,False,,0,0,0,
strapi,,,,,False,,0,0,0,
nicolas-grekas,,,,,False,,0,0,0,
gre,,,,,False,,0,0,0,
emilwallner,,,,,False,,0,0,0,
4ian,,,,,False,,0,0,0,
robbiebarrat,,,,,False,,0,0,0,
slorber,,,,,False,,0,0,0,
arcanis,,,,,False,,0,0,0,
FaridSafi,,,,,False,,0,0,0,
GitSquared,,,,,False,,0,0,0,
angristan,,,,,False,,0,0,0,
Papillard,,,,,False,,0,0,0,
AEFaour,,,,,False,,0,0,0,
LysandreJik,,,,,False,,0,0,0,
anisayari,,,,,False,,0,0,0,
VincentGarreau,,,,,False,,0,0,0,
castorflex,,,,,False,,0,0,0,
Genymobile,,,,,False,,0,0,0,
GuillaumeGomez,,,,,False,,0,0,0,
gpeyre,,,,,False,,0,0,0,
Unitech,,,,,False,,0,0,0,
agoncal,,,,,False,,0,0,0,
agramfort,,,,,False,,0,0,0,
JosePaumard,,,,,False,,0,0,0,
aaugustin,,,,,False,,0,0,0,
Kakise,,,,,False,,0,0,0,
rom1v,,,,,False,,0,0,0,
nadimkobeissi,,,,,False,,0,0,0,
vincentbernat,,,,,False,,0,0,0,
groue,,,,,False,,0,0,0,
dimitri,,,,,False,,0,0,0,
Bleuje,,,,,False,,0,0,0,
revolunet,,,,,False,,0,0,0,
r4j0x00,,,,,False,,0,0,0,
Cadene,,,,,False,,0,0,0,
zama-ai,,,,,False,,0,0,0,
glample,,,,,False,,0,0,0,
lopspower,,,,,False,,0,0,0,
rossant,,,,,False,,0,0,0,
lroudge,,,,,False,,0,0,0,
42School,,,,,False,,0,0,0,
ahmedbesbes,,,,,False,,0,0,0,
simoninithomas,,,,,False,,0,0,0,
antonioribeiro,,,,,False,,0,0,0,
andrewssobral,,,,,False,,0,0,0,
SylvainCorlay,,,,,False,,0,0,0,
mratsim,,,,,False,,0,0,0,
guillaumekln,,,,,False,,0,0,0,
Robpayot,,,,,False,,0,0,0,
Shipow,,,,,False,,0,0,0,
simple-login,,,,,False,,0,0,0,
mbeaudru,,,,,False,,0,0,0,
arv,,,,,False,,0,0,0,
mgcrea,,,,,False,,0,0,0,
GravenilvecTV,,,,,False,,0,0,0,
Hackndo,,,,,False,,0,0,0,
patrickheng,,,,,False,,0,0,0,
eliemichel,,,,,False,,0,0,0,
bzg,,,,,False,,0,0,0,
glemaitre,,,,,False,,0,0,0,
xavierleroy,,,,,False,,0,0,0,
mlabouardy,,,,,False,,0,0,0,
lyrixx,,,,,False,,0,0,0,
MysteriousSonOfGod,,,,,False,,0,0,0,
tdd,,,,,False,,0,0,0,
openfoodfacts,,,,,False,,0,0,0,
dgageot,,,,,False,,0,0,0,
ibelick,,,,,False,,0,0,0,
ArthurSonzogni,,,,,False,,0,0,0,
ANSSI-FR,,,,,False,,0,0,0,
zoontek,,,,,False,,0,0,0,
nkallen,,,,,False,,0,0,0,
JoanZapata,,,,,False,,0,0,0,
stephane-caron,,,,,False,,0,0,0,
vdemeester,,,,,False,,0,0,0,
andrewmd5,,,,,False,,0,0,0,
nabla-c0d3,,,,,False,,0,0,0,
fraxken,,,,,False,,0,0,0,
davidebbo,,,,,False,,0,0,0,
guillaumegenthial,,,,,False,,0,0,0,
steeve,,,,,False,,0,0,0,
cjdelisle,,,,,False,,0,0,0,
pgrimaud,,,,,False,,0,0,0,
DoubangoTelecom,,,,,False,,0,0,0,
mcombeau,,,,,False,,0,0,0,
teh-cmc,,,,,False,,0,0,0,
alelievr,,,,,False,,0,0,0,
0intro,,,,,False,,0,0,0,
Haroenv,,,,,False,,0,0,0,
KOUISAmine,,,,,False,,0,0,0,
cderv,,,,,False,,0,0,0,
samirsaci,,,,,False,,0,0,0,
Orange-OpenSource,,,,,False,,0,0,0,
lovasoa,,,,,False,,0,0,0,
davidgohel,,,,,False,,0,0,0,
forax,,,,,False,,0,0,0,
helaili,,,,,False,,0,0,0,
baptisteArno,,,,,False,,0,0,0,
acids-ircam,,,,,False,,0,0,0,
Litarvan,,,,,False,,0,0,0,
Kerollmops,,,,,False,,0,0,0,
Wenzel,,,,,False,,0,0,0,
vinayak-mehta,,,,,False,,0,0,0,
koutto,,,,,False,,0,0,0,
augustin7698,,,,,False,,0,0,0,
guillaumebort,,,,,False,,0,0,0,
glaforge,,,,,False,,0,0,0,
samhocevar,,,,,False,,0,0,0,
marcomiduri,,,,,False,,0,0,0,
spolu,,,,,False,,0,0,0,
traex,,,,,False,,0,0,0,
42Paris,,,,,False,,0,0,0,
briatte,,,,,False,,0,0,0,
beyhosni,,,,,False,,0,0,0,
LukyVj,,,,,False,,0,0,0,
sofienkaabar,,,,,False,,0,0,0,
superguigui,,,,,False,,0,0,0,
sebsto,,,,,False,,0,0,0,
hadrienj,,,,,False,,0,0,0,
synacktiv,,,,,False,,0,0,0,
SimonMarquis,,,,,False,,0,0,0,
arnaud-lb,,,,,False,,0,0,0,
d0iasm,,,,,False,,0,0,0,
Nilhcem,,,,,False,,0,0,0,
TerrorJack,,,,,False,,0,0,0,
leon196,,,,,False,,0,0,0,
samoht,,,,,False,,0,0,0,
celine-m-s,,,,,False,,0,0,0,
romainl,,,,,False,,0,0,0,
eliasdorneles,,,,,False,,0,0,0,
PrestaShop,,,,,False,,0,0,0,
padenot,,,,,False,,0,0,0,
tobozo,,,,,False,,0,0,0,
roubachof,,,,,False,,0,0,0,
gpakosz,,,,,False,,0,0,0,
pommedeterresautee,,,,,False,,0,0,0,
Eschults,,,,,False,,0,0,0,
lhoestq,,,,,False,,0,0,0,
damienvanrobaeys,,,,,False,,0,0,0,
guenchi,,,,,False,,0,0,0,
hhamon,,,,,False,,0,0,0,
rth,,,,,False,,0,0,0,
mortendahl,,,,,False,,0,0,0,
bloodyowl,,,,,False,,0,0,0,
luislavena,,,,,False,,0,0,0,
matt-42,,,,,False,,0,0,0,
lukas-blecher,,,,,False,,0,0,0,
louischatriot,,,,,False,,0,0,0,
thoas,,,,,False,,0,0,0,
martinbonnin,,,,,False,,0,0,0,
alexattia,,,,,False,,0,0,0,
lauriejim,,,,,False,,0,0,0,
dmnsgn,,,,,False,,0,0,0,
CathyDolle,,,,,False,,0,0,0,
arthurmensch,,,,,False,,0,0,0,
garronej,,,,,False,,0,0,0,
muzixing,,,,,False,,0,0,0,
42-AI,,,,,False,,0,0,0,
atoulmet,,,,,False,,0,0,0,
JulienPalard,,,,,False,,0,0,0,
RobinDavid,,,,,False,,0,0,0,
jfmengels,,,,,False,,0,0,0,
Kehrlann,,,,,False,,0,0,0,
emmanuelbernard,,,,,False,,0,0,0,
diegoalejogm,,,,,False,,0,0,0,
JCluzet,,,,,False,,0,0,0,
guillaumeduhan,,,,,False,,0,0,0,
nox,,,,,False,,0,0,0,
Plailect,,,,,False,,0,0,0,
ClementPinard,,,,,False,,0,0,0,
marcgg,,,,,False,,0,0,0,
redox,,,,,False,,0,0,0,
RLesur,,,,,False,,0,0,0,
jegou,,,,,False,,0,0,0,
yannickcr,,,,,False,,0,0,0,
DWS-paris,,,,,False,,0,0,0,
floswald,,,,,False,,0,0,0,
fyhertz,,,,,False,,0,0,0,
sunny,,,,,False,,0,0,0,
johnvuko,,,,,False,,0,0,0,
doctolib,,,,,False,,0,0,0,
maziyarpanahi,,,,,False,,0,0,0,
nicoptere,,,,,False,,0,0,0,
Synacktiv-contrib,,,,,False,,0,0,0,
initml,,,,,False,,0,0,0,
MinaPecheux,,,,,False,,0,0,0,
xroche,,,,,False,,0,0,0,
MathisHammel,,,,,False,,0,0,0,
w8r,,,,,False,,0,0,0,
stephomi,,,,,False,,0,0,0,
mdouze,,,,,False,,0,0,0,
albertvillanova,,,,,False,,0,0,0,
Kumar-laxmi,,,,,False,,0,0,0,
sebanc,,,,,False,,0,0,0,
alexarchambault,,,,,False,,0,0,0,
rozierguillaume,,,,,False,,0,0,0,
mangui,,,,,False,,0,0,0,
jbilcke-hf,,,,,False,,0,0,0,
mckenziearts,,,,,False,,0,0,0,
Snaipe,,,,,False,,0,0,0,
apierr,,,,,False,,0,0,0,
patcito,,,,,False,,0,0,0,
hamzaalalach,,,,,False,,0,0,0,
delba,,,,,False,,0,0,0,
bfontaine,,,,,False,,0,0,0,
kelu124,,,,,False,,0,0,0,
fxcoudert,,,,,False,,0,0,0,
juliensimon,,,,,False,,0,0,0,
guillaumepotier,,,,,False,,0,0,0,
jagracey,,,,,False,,0,0,0,
vadimkantorov,,,,,False,,0,0,0,
mquandalle,,,,,False,,0,0,0,
anton-l,,,,,False,,0,0,0,
felhix,,,,,False,,0,0,0,
NouamaneTazi,,,,,False,,0,0,0,
alexandregv,,,,,False,,0,0,0,
toufik-airane,,,,,False,,0,0,0,
claudiodangelis,,,,,False,,0,0,0,
nono,,,,,False,,0,0,0,
Jguer,,,,,False,,0,0,0,
thisoverride,,,,,False,,0,0,0,
jmfayard,,,,,False,,0,0,0,
charlesBochet,,,,,False,,0,0,0,
raphaelbastide,,,,,False,,0,0,0,
nebrass,,,,,False,,0,0,0,
peeweek,,,,,False,,0,0,0,
pvictor,,,,,False,,0,0,0,
NiLuJe,,,,,False,,0,0,0,
gabrieldemarmiesse,,,,,False,,0,0,0,
julien-deramond,,,,,False,,0,0,0,
The-AI-Summer,,,,,False,,0,0,0,
nvuillam,,,,,False,,0,0,0,
red0xff,,,,,False,,0,0,0,
TheHive-Project,,,,,False,,0,0,0,
krokrob,,,,,False,,0,0,0,
cjbrigato,,,,,False,,0,0,0,
pmdartus,,,,,False,,0,0,0,
sdpython,,,,,False,,0,0,0,
loubnabnl,,,,,False,,0,0,0,
randorisec,,,,,False,,0,0,0,
DjebbZ,,,,,False,,0,0,0,
slandelle,,,,,False,,0,0,0,
SRombauts,,,,,False,,0,0,0,
skarnet,,,,,False,,0,0,0,
alexis-jacq,,,,,False,,0,0,0,
julien-duponchelle,,,,,False,,0,0,0,
aymanfarhat,,,,,False,,0,0,0,
pirhoo,,,,,False,,0,0,0,
tommybuonomo,,,,,False,,0,0,0,
mauricesvay,,,,,False,,0,0,0,
AdaCore,,,,,False,,0,0,0,
deiu,,,,,False,,0,0,0,
mandubian,,,,,False,,0,0,0,
rCarto,,,,,False,,0,0,0,
mfuntowicz,,,,,False,,0,0,0,
adrienjoly,,,,,False,,0,0,0,
elbywan,,,,,False,,0,0,0,
ericbottard,,,,,False,,0,0,0,
nhoizey,,,,,False,,0,0,0,
hill-a,,,,,False,,0,0,0,
retkowsky,,,,,False,,0,0,0,
alexkirsz,,,,,False,,0,0,0,
rubenfiszel,,,,,False,,0,0,0,
fedihamdi,,,,,False,,0,0,0,
jderusse,,,,,False,,0,0,0,
louisabraham,,,,,False,,0,0,0,
pierreguillot,,,,,False,,0,0,0,
hai-vr,,,,,False,,0,0,0,
baptadn,,,,,False,,0,0,0,
jilljenn,,,,,False,,0,0,0,
SalomonBrys,,,,,False,,0,0,0,
ramnes,,,,,False,,0,0,0,
EiffL,,,,,False,,0,0,0,
fdv,,,,,False,,0,0,0,
gquere,,,,,False,,0,0,0,
l-lin,,,,,False,,0,0,0,
cquest,,,,,False,,0,0,0,
tericcabrel,,,,,False,,0,0,0,
joshed-io,,,,,False,,0,0,0,
avidale,,,,,False,,0,0,0,
mbrossar,,,,,False,,0,0,0,
geowarin,,,,,False,,0,0,0,
ksator,,,,,False,,0,0,0,
arthaud,,,,,False,,0,0,0,
pventuzelo,,,,,False,,0,0,0,
joeybronner,,,,,False,,0,0,0,
DocstringFr,,,,,False,,0,0,0,
eunjae-lee,,,,,False,,0,0,0,
JohanMabille,,,,,False,,0,0,0,
Lyokone,,,,,False,,0,0,0,
cedricpinson,,,,,False,,0,0,0,
erebe,,,,,False,,0,0,0,
axelor,,,,,False,,0,0,0,
guedou,,,,,False,,0,0,0,
kingjr,,,,,False,,0,0,0,
avivace,,,,,False,,0,0,0,
pulgamecanica,,,,,False,,0,0,0,
NTag,,,,,False,,0,0,0,
astefanutti,,,,,False,,0,0,0,
noirbizarre,,,,,False,,0,0,0,
clarus,,,,,False,,0,0,0,
ArnaudBarre,,,,,False,,0,0,0,
arguiot,,,,,False,,0,0,0,
travier,,,,,False,,0,0,0,
vrabaud,,,,,False,,0,0,0,
marvinroger,,,,,False,,0,0,0,
valeoai,,,,,False,,0,0,0,
chiptune,,,,,False,,0,0,0,
caillonantoine,,,,,False,,0,0,0,
BillelBenoudjit,,,,,False,,0,0,0,
greg0ire,,,,,False,,0,0,0,
BlackIQ,,,,,False,,0,0,0,
Profpatsch,,,,,False,,0,0,0,
veracrypt,,,,,False,,0,0,0,
raphaelameaume,,,,,False,,0,0,0,
xldenis,,,,,False,,0,0,0,
blanklob,,,,,False,,0,0,0,
mremond,,,,,False,,0,0,0,
buybackoff,,,,,False,,0,0,0,
Fantomas42,,,,,False,,0,0,0,
deezer,,,,,False,,0,0,0,
adrienverge,,,,,False,,0,0,0,
jdesboeufs,,,,,False,,0,0,0,
JanGorman,,,,,False,,0,0,0,
greeeg,,,,,False,,0,0,0,
hugoam,,,,,False,,0,0,0,
leoetlino,,,,,False,,0,0,0,
woctezuma,,,,,False,,0,0,0,
charlypoly,,,,,False,,0,0,0,
QuentinPerez,,,,,False,,0,0,0,
Abonia1,,,,,False,,0,0,0,
beauby,,,,,False,,0,0,0,
ismail1432,,,,,False,,0,0,0,
Peltoche,,,,,False,,0,0,0,
azerpas,,,,,False,,0,0,0,
JulienBreux,,,,,False,,0,0,0,
mincong-h,,,,,False,,0,0,0,
Stephane-D,,,,,False,,0,0,0,
scolladon,,,,,False,,0,0,0,
frgfm,,,,,False,,0,0,0,
gvarisco,,,,,False,,0,0,0,
jcarpent,,,,,False,,0,0,0,
thinkbeforecoding,,,,,False,,0,0,0,
rishistyping,,,,,False,,0,0,0,
despoisj,,,,,False,,0,0,0,
xordoquy,,,,,False,,0,0,0,
armel,,,,,False,,0,0,0,
MattKetmo,,,,,False,,0,0,0,
mishig25,,,,,False,,0,0,0,
tdimnet,,,,,False,,0,0,0,
zaeph,,,,,False,,0,0,0,
WissamAntoun,,,,,False,,0,0,0,
axeldelafosse,,,,,False,,0,0,0,
julienXX,,,,,False,,0,0,0,
iamvdo,,,,,False,,0,0,0,
mica16,,,,,False,,0,0,0,
neocarto,,,,,False,,0,0,0,
ydshieh,,,,,False,,0,0,0,
amineHorseman,,,,,False,,0,0,0,
pthom,,,,,False,,0,0,0,
